Target exchange,SHA256,App name,Package name,VirusTotal positives,Malware type,Malware family,Family
Coinmama,feb8fd720597ea32f7f157163fe491be87f20fbfc036440c63719a9bbc48adf2,Coinmama,com.coinmamambapp,0,  ,  ,feb8fd720597ea32f7f157163fe491be87f20fbfc036440c63719a9bbc48adf2
HitBTC,4c80e5d02557d6b8161dfb23aff5005ac8a8f7d710b51e13d09bf275de535c85,Hitbtc,com.hitbtcmbapp,0,  ,  ,feb8fd720597ea32f7f157163fe491be87f20fbfc036440c63719a9bbc48adf2
LocalBitcoins,b317498585051bd49da07612a84b0b36c38cef9729a64e4075c2780e902022d0,Localbitcoins,com.localbitcoinsmbapp,0,  ,  ,feb8fd720597ea32f7f157163fe491be87f20fbfc036440c63719a9bbc48adf2
Paxful,8d908f4d809eadeddb92fbe0ddcdd57e7a68c5f5a72ed345b5edc9e230145aff,Paxful,com.paxfulmobileregister,0,  ,  ,feb8fd720597ea32f7f157163fe491be87f20fbfc036440c63719a9bbc48adf2
Etoro,f49268ebf7ab2e4ae0f060ed11da0be85d3059c90f5568410dfc4119e3762438,eToro,com.mobincube.android.sc_3SIVWR,0,  ,  ,f49268ebf7ab2e4ae0f060ed11da0be85d3059c90f5568410dfc4119e3762438
Etoro,4d8ad7e509568a240747fa811332573085321e24f76a9ba7f68a6c59614f3b09,eToro,com.mobincube.android.sc_3SIVWR,0,  ,  ,f49268ebf7ab2e4ae0f060ed11da0be85d3059c90f5568410dfc4119e3762438
Bitfinex,ed68d609a59ae7a4aedeb583a12cddb24bd52d976e9765c84304c85ac0a889c8,Bitfinex,com.evangelically.imprisonment,0,  ,  ,ed68d609a59ae7a4aedeb583a12cddb24bd52d976e9765c84304c85ac0a889c8
Bitfinex,0758401ca827c1a3e794310c2289511d02edea53d9f7253349cf0be279d8f72a,Bitfinex,com.evangelically.imprisonment,0,  ,  ,ed68d609a59ae7a4aedeb583a12cddb24bd52d976e9765c84304c85ac0a889c8
Bitstamp,05f74e5bad8e1ef80b4cc10a9065bae0ae88dcfb16380562feefa5170f0c9c49,Bitstamp,com.owelty.enomotarch,0,  ,  ,ed68d609a59ae7a4aedeb583a12cddb24bd52d976e9765c84304c85ac0a889c8
Yobit,f1f3945ce7c19aa3226a22814bb8f73b1a51222181a081ccadbfa2f384a9b439,Yobit Client,ru.brainsofter.yobit,0,  ,  ,ea26384c734ee52dab2b4a5345de0e6516da49a647dd271325d81c9dc012b29d
Yobit,ea26384c734ee52dab2b4a5345de0e6516da49a647dd271325d81c9dc012b29d,Yobit Client,ru.brainsofter.yobitclient,0,  ,  ,ea26384c734ee52dab2b4a5345de0e6516da49a647dd271325d81c9dc012b29d
Yobit,78c8471d797129618cf849344e199e5a3567825c41b9e2d0752d63491f11f777,Yobit Client,ru.brainsofter.yobitclient,2,  ,  ,ea26384c734ee52dab2b4a5345de0e6516da49a647dd271325d81c9dc012b29d
Yobit,3f880e9beecd3606cd092bf3aabc9920f0a89591c40733c3221f8a3394700b31,Yobit Client,ru.brainsofter.yobit,0,  ,  ,ea26384c734ee52dab2b4a5345de0e6516da49a647dd271325d81c9dc012b29d
Yobit,981995ab0c8dc02b07f0729b477b0021b06310aaa8156782efde4e9ec3bd4c57,Yobit Client,ru.brainsofter.yobitclient,0,  ,  ,ea26384c734ee52dab2b4a5345de0e6516da49a647dd271325d81c9dc012b29d
Yobit,0ba58d5359cdd7f7c7a16aebc215f2baf9635ac6c5c6542290e1e4292b38507f,Yobit Client,ru.brainsofter.yobitclient,2,  ,  ,ea26384c734ee52dab2b4a5345de0e6516da49a647dd271325d81c9dc012b29d
Yobit,b577ae7749a3c9819eab2ac65d573bd4625aa23de4695035eed22e6eb3b7f958,Yobit Client,ru.brainsofter.yobitclient,0,  ,  ,ea26384c734ee52dab2b4a5345de0e6516da49a647dd271325d81c9dc012b29d
Yobit,c955cd8df59f6784e45752949083705f8a04bf0a7ec34afd425cefe498b59b92,Yobit Client,ru.brainsofter.yobitclient,3,trojan,  ,ea26384c734ee52dab2b4a5345de0e6516da49a647dd271325d81c9dc012b29d
Yobit,def7843638bc5122a087f60e1c2a8622884a374203ab0f5c844700e5e62b8a3d,Yobit Client,ru.brainsofter.yobit,0,  ,  ,ea26384c734ee52dab2b4a5345de0e6516da49a647dd271325d81c9dc012b29d
Bittrex,e45b59393907f6647977c92d6fb2bd3dab055bff6b0bae5062f70666702ac39d,BITTREX - Officially,com.cal.bittrexofficially,0,  ,  ,e45b59393907f6647977c92d6fb2bd3dab055bff6b0bae5062f70666702ac39d
Cryptopia,82d8edcf60fd265114280ba2824f34d29d86066be006275b4d8fa1a69c4db803,Cryptopia Exchange,karlbb.cryptopiaexchange,0,  ,  ,e45b59393907f6647977c92d6fb2bd3dab055bff6b0bae5062f70666702ac39d
Cryptopia,2f5b03268cb1cf3954e035fc2741e57fe57d23e3453dd864f133e09f2806dfae,Cryptopia Exchange,karlbb.cryptopiaexchange,0,  ,  ,e45b59393907f6647977c92d6fb2bd3dab055bff6b0bae5062f70666702ac39d
Cryptopia,363a10715e75ed77844149e0b3126ef517805e7e06c2234a96c7b9b69d03fd36,Cryptopia Exchange,karlbb.cryptopiaexchange,0,  ,  ,e45b59393907f6647977c92d6fb2bd3dab055bff6b0bae5062f70666702ac39d
HitBTC,9f98f7a4b14f17046f14bdc8a28ce877dbc036d2bdcca5e23887d466f6a6b472,HitBTC - Officially,com.cal.hitbtcofficially,0,  ,  ,e45b59393907f6647977c92d6fb2bd3dab055bff6b0bae5062f70666702ac39d
Kraken,14d2fab5e66f431adf275295ebef51e3527b2d6a29a08051f11aeac39956c547,Kraken,com.tomasskurauskas.kraken,0,  ,  ,e45b59393907f6647977c92d6fb2bd3dab055bff6b0bae5062f70666702ac39d
Kraken,fdb21f00cdf6980b7bc07a663df7909c1697078b13cff7edb8c68d1b3c062fca,Kraken,com.tomasskurauskas.coinone,0,  ,  ,e45b59393907f6647977c92d6fb2bd3dab055bff6b0bae5062f70666702ac39d
Poloniex,c6cd8ff101099496c6b065fb4669c9c53cc6e986f618a9271edc92633920df47,Poloniex - Crypto Exchange,com.poloniex.crypto.exchange,0,  ,  ,e45b59393907f6647977c92d6fb2bd3dab055bff6b0bae5062f70666702ac39d
Poloniex,63a65ac63dc58ec06dfe95c7181e3aeeb803570413cc4ede3e39d40f6f60ecc7,Poloniex,com.benzneststudios.poloniexstory,0,  ,  ,e45b59393907f6647977c92d6fb2bd3dab055bff6b0bae5062f70666702ac39d
Yobit,72e5a3fd18171160fbdfe01c87489546b9cb63e401f3bf033f9cd6430c0f73b3,Yobit Market,karlbb.yobitmarket,0,  ,  ,e45b59393907f6647977c92d6fb2bd3dab055bff6b0bae5062f70666702ac39d
Kraken,aa687565c557a3265dea39eed2fd4fc335b2c8ddd36063bf9653b2377da01bb0,Kraken,com.kraken.android,0,  ,  ,e268c3771e048d30c3094a26b9ea3c1c279e9f03e00875e4aec37600ce8cc0f1
LocalBitcoins,99193d6d4b689112046be4b71d27bc058976df20aad406a5baa221d3edad98b8,LocalBitcoins,com.localbitcoins.wallet.localbitcoins.andr,0,  ,  ,e268c3771e048d30c3094a26b9ea3c1c279e9f03e00875e4aec37600ce8cc0f1
LocalBitcoins,d4ce4233d0765b98f8feb96343b51020f1f985a123a2a9bf220bef40bfb28c21,LocalBitcoins,com.localbitcoins.wallet.android.localbitcoins,0,  ,  ,e268c3771e048d30c3094a26b9ea3c1c279e9f03e00875e4aec37600ce8cc0f1
LocalBitcoins,3f3753380d008086cffde3624c4ffe18e0c3a92baa93404faff499ac35a5e474,LocalBitcoins,com.siliconorchard2.validation,0,  ,  ,e268c3771e048d30c3094a26b9ea3c1c279e9f03e00875e4aec37600ce8cc0f1
LocalBitcoins,2324be13aaf58355be2ac51627b8c5beea40f000b4cb95f630b9b6ffccf524df,LocalBitcoins,com.localbitcoins.wal.android,0,  ,  ,e268c3771e048d30c3094a26b9ea3c1c279e9f03e00875e4aec37600ce8cc0f1
Paxful,e268c3771e048d30c3094a26b9ea3c1c279e9f03e00875e4aec37600ce8cc0f1,Paxful BTC,com.paxful.go.edition,1,  ,  ,e268c3771e048d30c3094a26b9ea3c1c279e9f03e00875e4aec37600ce8cc0f1
Coinbase,dd7a2b9b118f7f137f8559fd21144b3bd3797cd6f21f94d58822b6145f143286,Coinbase,com.coinbase.android,5,adware,mobidash,dd7a2b9b118f7f137f8559fd21144b3bd3797cd6f21f94d58822b6145f143286
Coinbase,defb80d3902513b2c3539c75ac7dd7cca9c54621a80f133c5e34d107566576e5,Coinbase,com.coinbase.android,0,  ,  ,dd7a2b9b118f7f137f8559fd21144b3bd3797cd6f21f94d58822b6145f143286
Coinbase,24e870c550ef3677fab2fc1bcd2d6f683fc5c9720538a9e50af4eb5001f46c4e,Coinbase,com.coinbase.android,0,  ,  ,dd7a2b9b118f7f137f8559fd21144b3bd3797cd6f21f94d58822b6145f143286
Binance,328ccba3284e7d3bc23e193a53e7d3320a01fa61c9c37ffcaf03320f216363b2,Binance,com.binanceappl.android,0,  ,  ,d959d95085bc34dc8328e71c8852aa6b73f398fb8bed96972105caed346b5c34
Binance,9efe538f464632b355086e06e6f07c785ccde94b5561647bd60628c3b2a261e7,Binance,com.binanceap.android,1,gray,pickbitpocket,d959d95085bc34dc8328e71c8852aa6b73f398fb8bed96972105caed346b5c34
Binance,2522344c9d051d0f481ffe5a30ab9abfdbc70e99354c094d8d39e74423a05064,Binance,com.binanceap2.android,3,gray,pickbitpocket,d959d95085bc34dc8328e71c8852aa6b73f398fb8bed96972105caed346b5c34
Poloniex,1b2aa73825f97f2a8b8a9fafb495e7c758dfad6ca7d8689572cfa1992d9dd78c,Poloniex Exchange,com.plnx.androidapp2,2,gray,fakepoloniex,d959d95085bc34dc8328e71c8852aa6b73f398fb8bed96972105caed346b5c34
Poloniex,d959d95085bc34dc8328e71c8852aa6b73f398fb8bed96972105caed346b5c34,Poloniex Exchange,com.polonix.androidapp2,0,  ,  ,d959d95085bc34dc8328e71c8852aa6b73f398fb8bed96972105caed346b5c34
Bittrex,d132e8e7b1f2e060712a7e5853fc3a4c0f4aa86a352a18441cb2c4d01e8c5992,Bittrex crypto exchange,com.bittrexapp.lokesh.bittrexcryptoexchange,0,  ,  ,d132e8e7b1f2e060712a7e5853fc3a4c0f4aa86a352a18441cb2c4d01e8c5992
LocalBitcoins,903f49d56fce01a5e3ea0f1449ac1bde64c7d4c8d115b808e061cd1c39ccff9a,LocalBitcoins,com.wLocalBitcoins_8689287,1,  ,  ,d132e8e7b1f2e060712a7e5853fc3a4c0f4aa86a352a18441cb2c4d01e8c5992
BitMEX,5ca42be09d53066dd2529a00714b852ab2a523331eaf8ac8a1556a67c9dcaf4c,Bitmex Testnet (Live Trading),com.developersrrs.BitmexTestnet,2,gray,  ,c040ed9064bb026d7b0b3a82b62dbf1d6adc8755bed7f712658ad01f8f3a763b
BitMEX,c040ed9064bb026d7b0b3a82b62dbf1d6adc8755bed7f712658ad01f8f3a763b,Bitmex Testnet (Live Trading),com.developersrrs.BitmexTestnet,2,gray,  ,c040ed9064bb026d7b0b3a82b62dbf1d6adc8755bed7f712658ad01f8f3a763b
Binance,e3f5984e7712d62b91ffbb8d9ac614c276e1d42df9c408485539f22916e8452f,Binance,com.binance.odapplications,0,  ,  ,c020df9e0e0a6e4f47969665b1b9ad5a6b0a83faff37a2294db8441f00592067
Bit-Z,c1eca4b6f0441e1805184a8146355916db6203021af51b77ea5e409804c7ad19,Bit-Z Exchange,com.elong.biboxcryptocurrency,0,  ,  ,c020df9e0e0a6e4f47969665b1b9ad5a6b0a83faff37a2294db8441f00592067
KuCoin,6fdd0c9eb1c2525728439752430311c0e561b50881d9b4e7538ec3a82093502c,KuCoin LIVE,com.kucoin.liveratess,10,trojan,boogr,c020df9e0e0a6e4f47969665b1b9ad5a6b0a83faff37a2294db8441f00592067
KuCoin,c020df9e0e0a6e4f47969665b1b9ad5a6b0a83faff37a2294db8441f00592067,KuCoin Exchange,com.kucoin.exchangesajahss,13,trojan,boogr,c020df9e0e0a6e4f47969665b1b9ad5a6b0a83faff37a2294db8441f00592067
Yobit,d2c5af2d1e3bf16023645a234043c5dddb1f24cbd447d1cc1671ea50cca415a3,Yobit,com.elong.yobitnet,0,  ,  ,c020df9e0e0a6e4f47969665b1b9ad5a6b0a83faff37a2294db8441f00592067
Yobit,3b68dc6bfcbcfc148d99a147fc66f82373fe01000e63aeae9d29473682679685,Yobit,com.elong.yobitnet,0,  ,  ,c020df9e0e0a6e4f47969665b1b9ad5a6b0a83faff37a2294db8441f00592067
Yobit,e73ccf4eda8d36c36f886c9bc42b8b422c7919584c56ab6a92a2f52b009ae7b1,Yobit,com.elong.yobitnet,0,  ,  ,c020df9e0e0a6e4f47969665b1b9ad5a6b0a83faff37a2294db8441f00592067
Yobit,dca90c826ad8627492976f52ba4d4fb4bc63eba9c97441073d856977c9af1014,Yobit,com.elong.yobitnet,0,  ,  ,c020df9e0e0a6e4f47969665b1b9ad5a6b0a83faff37a2294db8441f00592067
Bitbay,bde2a4cec81d84f9fd6fe938c1d6df75c620726eccbbf28d8ff45045f45ef877,BitBay Wallets,com.siergiejjdw.bitbaywallets,0,  ,  ,b715a513d21535d15ffc0831e00048571be3e005defbde7e0d210141731508af
Bitbay,b715a513d21535d15ffc0831e00048571be3e005defbde7e0d210141731508af,BitBay Wallets,com.siergiejjdw.bitbaywallets,0,  ,  ,b715a513d21535d15ffc0831e00048571be3e005defbde7e0d210141731508af
Poloniex,ccff165e8c7cba284a4fe6e2912616e49502c59ad848784c847ae0b5078edf38,POLONIEX,com.poloniex.market.app,5,trojan,fakeapp,afd870f6c64ed715cf0d73b942f7847cef259f5233c81a30e4b4c18560bef207
Poloniex,afd870f6c64ed715cf0d73b942f7847cef259f5233c81a30e4b4c18560bef207,POLONIEX,com.poloniex.market.app,5,trojan,fakeapp,afd870f6c64ed715cf0d73b942f7847cef259f5233c81a30e4b4c18560bef207
Poloniex,797a31230609a47b0d8aa20b269c28c5504e33494723bda5e9d025919a9ae316,POLONIEX,com.poloniex.market.app,3,trojan,fakeapp,afd870f6c64ed715cf0d73b942f7847cef259f5233c81a30e4b4c18560bef207
Poloniex,15e6fcc0d1146e6e909b44b9ca9fa0a6707e4a66757a183d4cc287a7ee1a8c4b,POLONIEX,com.poloniex.market.app,4,trojan,fakeapp,afd870f6c64ed715cf0d73b942f7847cef259f5233c81a30e4b4c18560bef207
Poloniex,65c59ee94c198b38885c60f9abd36116c1a73085a8c8cc5d2e3e76018f4ea790,POLONIEX,com.poloniex.market.app,7,trojan,fakeapp,afd870f6c64ed715cf0d73b942f7847cef259f5233c81a30e4b4c18560bef207
Poloniex,9572d4f358b29edeeb44c39e1301c3c42201252f50dd14184e6c5c5ab6a73650,POLONIEX,com.poloniex.market.app,7,trojan,fakeapp,afd870f6c64ed715cf0d73b942f7847cef259f5233c81a30e4b4c18560bef207
Poloniex,515b8438e83a9a8abc4e171e9a6bdd084aad5abde138140b456c65704b86f0f2,POLONIEX,com.poloniex.market.app,4,trojan,fakeapp,afd870f6c64ed715cf0d73b942f7847cef259f5233c81a30e4b4c18560bef207
Poloniex,379a1aa83cf65cdce16dec01226381e8dc4e7d5bed9559369476892852d4d6c0,POLONIEX,com.poloniex.exchange,21,trojan,fakeapp,a6e7b4dc04920b0032d9148ad88ef5fea28e6ed0e0828fa37d394307501a1671
Poloniex,dcc63a28c5d8ee8460937ca1ec7ddb28e6f88a75bb2725bb88ba24f7073665b4,POLONIEX,com.poloniexap.poloniex,19,trojan,fakeapp,a6e7b4dc04920b0032d9148ad88ef5fea28e6ed0e0828fa37d394307501a1671
Poloniex,306a4fd41ce67784db399eced6531ac629bd9fe05d3347665bb935f1100e37f2,POLONIEX,com.poloniexap.poloniex,18,trojan,fakeapp,a6e7b4dc04920b0032d9148ad88ef5fea28e6ed0e0828fa37d394307501a1671
Poloniex,77b56abab2b2f9f723070072fb3730018b831fe7ffb294b852decee22480a08b,POLONIEX,com.poloniexap.poloniex,18,trojan,fakeapp,a6e7b4dc04920b0032d9148ad88ef5fea28e6ed0e0828fa37d394307501a1671
Poloniex,a6e7b4dc04920b0032d9148ad88ef5fea28e6ed0e0828fa37d394307501a1671,POLONIEX,com.poloniex.exchange,18,trojan,fakeapp,a6e7b4dc04920b0032d9148ad88ef5fea28e6ed0e0828fa37d394307501a1671
Poloniex,1ad13f52796ee5400c0b0d92b917bb58b5393c80c0212fb158a81311f46e47ff,POLONIEX,com.app.poloniexwebview,20,trojan,fakeapp,a6e7b4dc04920b0032d9148ad88ef5fea28e6ed0e0828fa37d394307501a1671
Poloniex,c5112e3a95bfa226bc2d524964364c61e0db9fe2824c20ca99521ab15367d678,POLONIEX,com.poloniex.exchange,20,trojan,fakeapp,a6e7b4dc04920b0032d9148ad88ef5fea28e6ed0e0828fa37d394307501a1671
Poloniex,559f70db9f6e6741b59bdb2ad99f8ac53f5915e6ef3cab33522ce27cd9ccadb9,POLONIEX,com.app.poloniexwebview,19,trojan,fakeapp,a6e7b4dc04920b0032d9148ad88ef5fea28e6ed0e0828fa37d394307501a1671
Coinbase,9a0bdb6dc6998cf63ac156e6c2633eb65278d2e37d5d328d1e02ff2517b42e13,Coinbase,com.coinbase.android,0,  ,  ,9a0bdb6dc6998cf63ac156e6c2633eb65278d2e37d5d328d1e02ff2517b42e13
Coinbase,a24ec8b057f0b137d49ad9da2be809090eb8429ec17d1a7cda4daf11b63670e4,Coinbase,com.coinbase.android,0,  ,  ,9a0bdb6dc6998cf63ac156e6c2633eb65278d2e37d5d328d1e02ff2517b42e13
Coinbase,ab7c986791c022d870e84ab0385bb766609d59cfcbf10fc37c92bed21f294689,Coinbase,com.coinbase.android,0,  ,  ,9a0bdb6dc6998cf63ac156e6c2633eb65278d2e37d5d328d1e02ff2517b42e13
Coinbase,e6eb4c8879690d496a5dfc4fbf006ae4dbb8c0ffe4114be8fec375e6bc56f1f4,Coinbase,com.coinbase.android,0,  ,  ,9a0bdb6dc6998cf63ac156e6c2633eb65278d2e37d5d328d1e02ff2517b42e13
Kraken,5df89ec53dcccf683041a83445d2602f8512407d7053360d2e6bf7ed5a36922c,Kraken Exchange,it.bitrocket.krakenexchange,0,  ,  ,941698d0eaef432686c70243c154a38d6006afc2430f0616ed58145386a08a15
Kraken,ea6766b50dac488e0b5209e4ca781abad9f3bbff4f6372fc11f39cedadc249e1,Kraken Exchange,it.bitrocket.krakenexchange,0,  ,  ,941698d0eaef432686c70243c154a38d6006afc2430f0616ed58145386a08a15
Kraken,941698d0eaef432686c70243c154a38d6006afc2430f0616ed58145386a08a15,Kraken Exchange,it.bitrocket.krakenexchange,0,  ,  ,941698d0eaef432686c70243c154a38d6006afc2430f0616ed58145386a08a15
Coinbase,d52b3470890269c828a1e16b6873f35932f0e785e84efec3ed5b8bfbddc4e49e,Bitcoin allet - Coinbase,fullversion.com.coinbase.android,16,adware,fictus,91b523bdc7ffc7647b29d479b0e553f7d14f26d768960853eb8e9bb5d4493685
Coinbase,91b523bdc7ffc7647b29d479b0e553f7d14f26d768960853eb8e9bb5d4493685,Bitcoin allet - Coinbase,fullversion.com.coinbase.android,32,adware,fictus,91b523bdc7ffc7647b29d479b0e553f7d14f26d768960853eb8e9bb5d4493685
Coinbase,8397cfcd1269ce298a8fe3262351eec4d0f2905a217e0afd1abdf101d56e1d6b,Bitcoin allet - Coinbase,fullversion.com.coinbase.android,29,adware,fictus,91b523bdc7ffc7647b29d479b0e553f7d14f26d768960853eb8e9bb5d4493685
Coinbase,8f90d8206f150a11fc62d6fdf92febe6543917f00d04b24a65fb9d403de36145,coinbase,com.wcoinbase_8384786,1,  ,  ,8f90d8206f150a11fc62d6fdf92febe6543917f00d04b24a65fb9d403de36145
Paxful,d1d6b8e2acbfc4d28c80e59ae052b98a2f31b2df6a4de190ff28b7ae7669dcc1,Paxful,com.wPaxful_8215506,3,riskware,  ,8f90d8206f150a11fc62d6fdf92febe6543917f00d04b24a65fb9d403de36145
BitMEX,c0c7a8ca3dfdb305241fe9da3a928506e8ccb17d88508173b812656746467014,BitMEX,org.chromium.webapk.a0fa265d3e870d060,0,  ,  ,84375a63b784ef39b60985f20c2819809b76f84add5a9e9fd2bb38e3dbe088aa
BitMEX,8d88e357196c1ba41e7e3f7538085062e721c6871a4651dee991eca00a9dcdea,BitMEX,org.chromium.webapk.a0fa265d3e870d060,0,  ,  ,84375a63b784ef39b60985f20c2819809b76f84add5a9e9fd2bb38e3dbe088aa
BitMEX,9a3ca66bd0d94fd78ace142122e99ff81dac77f9df68ba1e8aaa18c66f604cfe,BitMEX Testnet,org.chromium.webapk.a53ffa05bfc1dac2a,0,  ,  ,84375a63b784ef39b60985f20c2819809b76f84add5a9e9fd2bb38e3dbe088aa
BitMEX,1b8b3e2aa7a5f9771c0b42f6f7146cb2e5ead05d9d45dcfaccee61cc4c6db68a,BitMEX,org.chromium.webapk.a0fa265d3e870d060,0,  ,  ,84375a63b784ef39b60985f20c2819809b76f84add5a9e9fd2bb38e3dbe088aa
BitMEX,1f0b9f2721009352e619c828800f397ab7bbfd02d3817dec29aee3e0a0604594,BitMEX Testnet,org.chromium.webapk.a53ffa05bfc1dac2a,0,  ,  ,84375a63b784ef39b60985f20c2819809b76f84add5a9e9fd2bb38e3dbe088aa
Cobinhood,deae6cfd1a8b294e77cd6a6c2fa0b05cc8e01ad8f69e30ebbe56d82a392b0043,COBINHOOD,org.chromium.webapk.ab00a704881b37338,0,  ,  ,84375a63b784ef39b60985f20c2819809b76f84add5a9e9fd2bb38e3dbe088aa
Cobinhood,84375a63b784ef39b60985f20c2819809b76f84add5a9e9fd2bb38e3dbe088aa,COBINHOOD,org.chromium.webapk.a679b939b1949a58d,0,  ,  ,84375a63b784ef39b60985f20c2819809b76f84add5a9e9fd2bb38e3dbe088aa
Cobinhood,cc7abc8b92176ddf4224593bae41e431e1517c7ff56fc931944e5d73b9498edf,COBINHOOD,org.chromium.webapk.ab00a704881b37338,0,  ,  ,84375a63b784ef39b60985f20c2819809b76f84add5a9e9fd2bb38e3dbe088aa
Cobinhood,a60fa6d5a0a369ce03b7d374d33c04517936c956e27f4d9c209e8988f7f2ad4c,COBINHOOD,org.chromium.webapk.ab00a704881b37338,0,  ,  ,84375a63b784ef39b60985f20c2819809b76f84add5a9e9fd2bb38e3dbe088aa
Bithumb,e50e1dacbe6dcd8653c47c767d664860907e53adc55af5da056282bfabc898ca,Bithumb update,com.example.smstest,29,trojan,smsspy,7aa1630bf1100e3e16a8c7ce3946e12e458baa7d362916c11d23466e3f3fe17a
Bithumb,7aa1630bf1100e3e16a8c7ce3946e12e458baa7d362916c11d23466e3f3fe17a,Bithumb update,com.example.smstest,26,spy,smsspy,7aa1630bf1100e3e16a8c7ce3946e12e458baa7d362916c11d23466e3f3fe17a
B2bx,bf0d86eac270f45b65f3dbae9977d0d44a2906b5c0f0c514324b0ac403ea78c7,B2BX,com.bbx.b2bx,0,  ,  ,7a1f72bd94da3580eceb095903732ce859a54a3a690a7c68acff9199671fb560
Binance,48f72a14e47e927677d8703ccdb06ee4eb7811166e08218b2b54478922ef8bfe,Binance Exchange,com.binance.exchange,1,repmalware,  ,7a1f72bd94da3580eceb095903732ce859a54a3a690a7c68acff9199671fb560
Binance,d8b832bb6c127425e8ff4bbfbe29f3a42695791f928906c45dd2493660fcf8ce,Binance Reward System,com.binanceFaucetnew.starter,0,  ,  ,7a1f72bd94da3580eceb095903732ce859a54a3a690a7c68acff9199671fb560
Binance,faf6bcf0b3e90ebe3946d447e9cc53c2120bdb2134623c96d38ae0e88367a16a,Binance analytics,io.binanceliveanalytics.starter,0,  ,  ,7a1f72bd94da3580eceb095903732ce859a54a3a690a7c68acff9199671fb560
Binance,d532bb555ae3fc3ba30e600a0b515331e3bd963e9a016415aee9b84869eb4f9d,Binance Exchange,com.ads.binanceexchange,0,  ,  ,7a1f72bd94da3580eceb095903732ce859a54a3a690a7c68acff9199671fb560
Binance,5f27d283be173398b9813af2d9e6f5add395ccd45e84e09b225262b9b5a719e1,Binance Mobile,com.wBinanceMobile_6391678,3,repmalware,  ,7a1f72bd94da3580eceb095903732ce859a54a3a690a7c68acff9199671fb560
Bitfinex,de40d76e471297bc396dc4ce745ff829a4d16108a24b641e3f353de9a170df33,Bitfinex Broswer,com.wBitfinexBroswer_6502547,3,trojan,  ,7a1f72bd94da3580eceb095903732ce859a54a3a690a7c68acff9199671fb560
Bitfinex,8be4b2c86062799b0ae7dfb268dadde42b1f6e2242684b3ffce6fa389c0c3b88,Bitfinex,com.bitfinex.trading,0,  ,  ,7a1f72bd94da3580eceb095903732ce859a54a3a690a7c68acff9199671fb560
Bitfinex,10e4ecb2be0940da7cfff7b363ce1fbfdef5fcbe689d79342a2c47a3bdce76e7,Bitfinex (dan),com.bitfinex.bfxapq,2,  ,  ,7a1f72bd94da3580eceb095903732ce859a54a3a690a7c68acff9199671fb560
Bitfinex,198fb616cbfb842d36048fa406255fd00c83eab705b645fc3b0152e8fe885e33,Bitfinex,com.bitfinex.bfxapq,1,  ,  ,7a1f72bd94da3580eceb095903732ce859a54a3a690a7c68acff9199671fb560
Bitfinex,8dba2bf7211120d798827793a0353dc05953b03d03cfab0406833e4ab64ff256,BITFINEX 2018 LITE,com.wBITFINEX2018LITE_6555846,5,trojan,  ,7a1f72bd94da3580eceb095903732ce859a54a3a690a7c68acff9199671fb560
Bitforex,9929f6f7bdf20a427a0ff0a8986628c1b2cccddf719e4462c5473aa604d8d45d,Bitforex Giovinca,com.bikinaplikasi.Forex,0,  ,  ,7a1f72bd94da3580eceb095903732ce859a54a3a690a7c68acff9199671fb560
Bithumb,d93b9d4f67f864972be9baa6beed383fd1840c5fdb4fe557b7099b7e103b24a0,bithumb,com.wbithumb_6934215,4,trojan,  ,7a1f72bd94da3580eceb095903732ce859a54a3a690a7c68acff9199671fb560
BitMEX,e5a8c4294350c60d6e93df55fa7f2d970c54b5abf529e5f4f829c2811775e72a,Bitmex Client,io.bitmex.client,0,  ,  ,7a1f72bd94da3580eceb095903732ce859a54a3a690a7c68acff9199671fb560
BitMEX,374e38abdae2fd13e39056d44e5936ba9d9a9aee7e0dff98052117f9e9abd7ac,BitMEX,com.wBitMEX_7836853,10,trojan,fakeapp,7a1f72bd94da3580eceb095903732ce859a54a3a690a7c68acff9199671fb560
BitMEX,44076b1423db878b8c2fdc4be5c53dcce9748b41f61ecb47800de29162c14e07,BitMEX,com.hustay.swing.d6bdaeba6adef432cb143fe9aafc5347b,0,  ,  ,7a1f72bd94da3580eceb095903732ce859a54a3a690a7c68acff9199671fb560
BitMEX,41373740b0e2655aff494e1af9ba8f2fc2e8140d64df4fdbb4d5375971dedb97,BitMex Bitcoin Exchange,com.wBitMexBitcoinExchange,7,trojan,fakeapp,7a1f72bd94da3580eceb095903732ce859a54a3a690a7c68acff9199671fb560
BitMEX,f19d411d0bf57cc2ef04de01864c18b71edda0eaa628f885bc2fdf8a9a73f10f,BitMex Bitcoin Exchange,com.wBitMexBitcoinExchange,0,  ,  ,7a1f72bd94da3580eceb095903732ce859a54a3a690a7c68acff9199671fb560
BitMEX,6b22c1585ba3a2639e97d0f227209cdd3e60712eb4448d17e8900224a8a5d572,BitMEX,com.wBitMEX_7849438,9,trojan,fakeapp,7a1f72bd94da3580eceb095903732ce859a54a3a690a7c68acff9199671fb560
BitMEX,fccf02ab31064d0acda8a8058e736de8b539c4db0f5693abcd2f713ba3aa0574,bitmex ___,com.wbitmex_6892226,3,trojan,  ,7a1f72bd94da3580eceb095903732ce859a54a3a690a7c68acff9199671fb560
BitMEX,c8fcb3ee4a2aec029b3df29b02e01123e37bd3a844f2ecb3b5ddf16ce1aab677,Bitmex,com.bitmex.app,0,  ,  ,7a1f72bd94da3580eceb095903732ce859a54a3a690a7c68acff9199671fb560
BitMEX,a1714c42b6fdbb056e35ba9c852c34f00af6fb17480a97e069055a681e68d4f4,____ BitMEX£ü________,com.hustay.swing.d01c8686cc929f4b5e89f9126016e2e4b7,0,  ,  ,7a1f72bd94da3580eceb095903732ce859a54a3a690a7c68acff9199671fb560
Bitso,42adee528cfd98ff94ac95e96f3484fed4ee812ecac8577913bf066a7f665be8,Bitso Trading,com.sucodigo.bitsotrading,0,  ,  ,7a1f72bd94da3580eceb095903732ce859a54a3a690a7c68acff9199671fb560
Bitstamp,cd1f42f2e9f316f9bdbe2b44c915313236d228a80bdae770d9f23fb50150675c,BITSTAMP 2018 LITE,com.wBITSTAMP2018LITE_6572847,3,trojan,  ,7a1f72bd94da3580eceb095903732ce859a54a3a690a7c68acff9199671fb560
Bittrex,69ad51c0f9daaeca20db0be8322850433244a0ffb2d89b74af2b37f545857a2e,Bittrex Login,com.wBittrexLogin_6166385,2,  ,  ,7a1f72bd94da3580eceb095903732ce859a54a3a690a7c68acff9199671fb560
Bittrex,62e7d59166387241180b30d7f1ad61164154cb6f7753c8f16c37cde95f391291,Coins Tracker for Bittrex,com.coins.tracker.bittrex,0,  ,  ,7a1f72bd94da3580eceb095903732ce859a54a3a690a7c68acff9199671fb560
Changelly,f6dd72571f92d92bc55f5c14f223845f07bf673c86dbdfd5720559ed50e14703,Changelly Exchange,com.wChangellyExchange_6685852,7,trojan,fakeapp,7a1f72bd94da3580eceb095903732ce859a54a3a690a7c68acff9199671fb560
Changelly,085696cd628772316040d19e5aec7c2db39e29ae64e97e00b695bd2a5c9e45d6,Changelly Exchange,com.wChangellyExchange_6685852,3,trojan,  ,7a1f72bd94da3580eceb095903732ce859a54a3a690a7c68acff9199671fb560
Coincheck,8dee60bf8b11a7e8bf41e3a5c7f50fd431056886921adaa113d7b890d986b20e,CoinCheck,com.graphhash.coincheck,18,trojan,remotecode,7a1f72bd94da3580eceb095903732ce859a54a3a690a7c68acff9199671fb560
Coincheck,fc497e99c10e8107689c3c8ac10a3335628c5f009defbdeddf9d50bf8d18b61b,CoinCheck,com.graphhash.coincheck,22,adware,dnotua,7a1f72bd94da3580eceb095903732ce859a54a3a690a7c68acff9199671fb560
Coincheck,f924b6776961aa76a9afe47cda3e0e2cf483483e614d5dc6fa6c42e6057a141d,CoinCheck,com.graphhash.coincheck,23,trojan,remotecode,7a1f72bd94da3580eceb095903732ce859a54a3a690a7c68acff9199671fb560
Coinmama,4eb158d064c35b9f1566a68b32d438d9e1bebc8bcb2b7d08deac712422ce624c,CoinMama,com.wCoinMama_6489134,3,trojan,  ,7a1f72bd94da3580eceb095903732ce859a54a3a690a7c68acff9199671fb560
Coinmama,bd7755131f52f6d9b73a449a49cd8b416f0f81574d7b1fadd6662f32ebfa8138,COINMAMA 2018 LITE,com.wCOINMAMA2018LITE_6555881,2,trojan,  ,7a1f72bd94da3580eceb095903732ce859a54a3a690a7c68acff9199671fb560
Cryptopia,b9159cfe083b036e0bdeaa883379fcfbb1350f94d76f1ad23330493698acd15d,Cryptopia,com.wCryptopia_6180536,2,  ,  ,7a1f72bd94da3580eceb095903732ce859a54a3a690a7c68acff9199671fb560
Cryptopia,0f7724b580ffdd625364807cbda2ba4ea0df4b9a71be89c1b61b58efa4bcae9e,Cryptopia,com.wCryptopia_6180536,5,riskware,ginmaster,7a1f72bd94da3580eceb095903732ce859a54a3a690a7c68acff9199671fb560
Cryptopia,cad670ce0b57daaacea19857af8f6d83d3ae2dd02b1fd90776752a9bc54d44bb,Cryptopia Exchange,ref.crypto.cryptopia,0,  ,  ,7a1f72bd94da3580eceb095903732ce859a54a3a690a7c68acff9199671fb560
Cryptopia,4a438326d044d9bd993440162ff877f9d0edbf596262ee0663bd5a71ae4cd7f3,Cryptopia Exchange,ref.crypto.cryptopia,0,  ,  ,7a1f72bd94da3580eceb095903732ce859a54a3a690a7c68acff9199671fb560
Cryptopia,c8e2b93b5625b569d6b1aa4f9f19e5ee03fe3e577da1ca3902eb722e3b07d327,Cryptopia Coin Live,com.way.mi.crcoinlive,0,  ,  ,7a1f72bd94da3580eceb095903732ce859a54a3a690a7c68acff9199671fb560
Cryptopia,818c1a91dd50494adb01748da9f7c8b22a5464fb971e3c6085e977516705057d,Cryptopia,com.wCryptopia_6180536,3,  ,  ,7a1f72bd94da3580eceb095903732ce859a54a3a690a7c68acff9199671fb560
Cryptopia,36c0b4a8a6d4eb65111a9c1577466a0a0d4bba22ddb746c66011ee0b45c72540,Cryptopia Exchange,ref.crypto.cryptopia,0,  ,  ,7a1f72bd94da3580eceb095903732ce859a54a3a690a7c68acff9199671fb560
Cryptopia,83447512ed1b24b868f1a908d49685f88e35ecb8bffb9054a668561ec4d98201,Cryptopia,com.wCryptopia_6180536,7,trojan,ginmaster,7a1f72bd94da3580eceb095903732ce859a54a3a690a7c68acff9199671fb560
Cryptopia,dd165c6333942a9e7f14fa927e611378f4485f945be4bfc46c94864bbe1a1d72,Cryptopia Exchange,nz.co.cryptopia.httpswww.cryptopiaexchange,0,  ,  ,7a1f72bd94da3580eceb095903732ce859a54a3a690a7c68acff9199671fb560
Etoro,799a7e913b37ae491e26de767262e558a983ffd4f08a0acd95d14fd6cd2d5526,The New eToro,com.etoro.webwrapper,0,  ,  ,7a1f72bd94da3580eceb095903732ce859a54a3a690a7c68acff9199671fb560
Etoro,e51e9d6c94cf3e8d9ff22ac65f77cb9510eb899b1b24c2fdfa914028f8fd0b92,Etoro,com.eToroorseaff,0,  ,  ,7a1f72bd94da3580eceb095903732ce859a54a3a690a7c68acff9199671fb560
Etoro,e6d10f9bc748f661c60c7f0453b59eceb7dba766837454386c8cc8303dc87d23,Etoro,com.eToroorseaff,0,  ,  ,7a1f72bd94da3580eceb095903732ce859a54a3a690a7c68acff9199671fb560
Etoro,d3e7a23a7aa61ecbd0c5a5720f0e3ac6e8bb04c5d4d31c1e76341e9b060e1ca3,The New eToro,com.etoro.webwrapper,0,  ,  ,7a1f72bd94da3580eceb095903732ce859a54a3a690a7c68acff9199671fb560
Fcoin,7c2d22d7449cc3cc8b568721dfabbb37db5b9b0d041c0f46582b6a034d918aa7,FCoin Exchange,com.fcoinx.exchange,0,  ,  ,7a1f72bd94da3580eceb095903732ce859a54a3a690a7c68acff9199671fb560
Gate.io,90ba5335f86d168a7877794f98e9caa459cb83981cb446084047be11ae15f680,Gaite,com.phonegap.gaite,0,  ,  ,7a1f72bd94da3580eceb095903732ce859a54a3a690a7c68acff9199671fb560
Gate.io,6cb9ab55b6d9dcc85c585546408de1962391a49a66ec2afae39b208d29dc9d4a,Gate.io,com.gio.gateio,0,  ,  ,7a1f72bd94da3580eceb095903732ce859a54a3a690a7c68acff9199671fb560
HitBTC,e512af3d28d6bc04cca0a3fc1ad3fae39e038ce349d0ae380e28a5633c9f5b8b,hitbtc,hitbtc.app,0,  ,  ,7a1f72bd94da3580eceb095903732ce859a54a3a690a7c68acff9199671fb560
HitBTC,beb462ad4785da98917697961f04fcb474e103129998e6c67d187716c4d66b47,hitbtc,hitbtc.app,0,  ,  ,7a1f72bd94da3580eceb095903732ce859a54a3a690a7c68acff9199671fb560
HitBTC,904d830a48588480d139ffb97bdafb5e37fc473742aef6a6d04024a6b294b660,HitBTC exchange,com.wHitBTCexchange_6374335,3,  ,  ,7a1f72bd94da3580eceb095903732ce859a54a3a690a7c68acff9199671fb560
HitBTC,0d2f17add7dcbb6fdffc48d342121f44552adbcefd3629bc37b79ad6e1aa19a3,HitBTC,com.phonegap.hitbtk,0,  ,  ,7a1f72bd94da3580eceb095903732ce859a54a3a690a7c68acff9199671fb560
HitBTC,6224996c31614ea3555cbece9d18075c33ac6c6c328973a0d9c4923fb5c814ea,Hitbtc Live,com.way.mi.hitbtclive,0,  ,  ,7a1f72bd94da3580eceb095903732ce859a54a3a690a7c68acff9199671fb560
HitBTC,02afd9199b4528589befed5965aebcaaa4102e34a9c705a71b166cc30c5a8dc0,Hitbtc Live,com.way.mi.hitbtclive,0,  ,  ,7a1f72bd94da3580eceb095903732ce859a54a3a690a7c68acff9199671fb560
KuCoin,9be5e805cc3fb157fc080679c64125d3da0785f9d2287589491b43653bccd025,KuCoin,com.exhange.kucoin,0,  ,  ,7a1f72bd94da3580eceb095903732ce859a54a3a690a7c68acff9199671fb560
KuCoin,46864d233c26374fd9d982b5d4bdab4ed8380cf96bd9436ab8470620cd412551,KuCoin,com.kucoin.apps,0,  ,  ,7a1f72bd94da3580eceb095903732ce859a54a3a690a7c68acff9199671fb560
Lbank,711be0c2dc5605184dbcec5dc5dfc5fba57b4f0ec2799673932713928ae1311e,LBank,com.superchain.lbank,1,  ,  ,7a1f72bd94da3580eceb095903732ce859a54a3a690a7c68acff9199671fb560
Lbank,81386a1430be2f73edcf48ec50822cec23cf949a0ff9b188d1b7b218db3ce29e,LBank,com.superchain.lbank,1,  ,  ,7a1f72bd94da3580eceb095903732ce859a54a3a690a7c68acff9199671fb560
Livecoin,196355a38e039116a37000eb728fb7dec0a0d7ac3eddf0dac6dd8d8cff31debd,Livecoin Exchange,com.wLivecoinExchange_6580955,3,trojan,adpop,7a1f72bd94da3580eceb095903732ce859a54a3a690a7c68acff9199671fb560
Livecoin,c0b503b5dba4f1230256a9a81c37414650da852f79ae523fcb11c08111100b45,Livecoin Exchange,com.wLivecoinExchange_6580955,3,trojan,adpop,7a1f72bd94da3580eceb095903732ce859a54a3a690a7c68acff9199671fb560
LocalBitcoins,2eb8319f5457026c132c3217b53e58985b0000863d8242e111b516d84feb1f10,LocalBitCoins,com.coins.bit.local,0,  ,  ,7a1f72bd94da3580eceb095903732ce859a54a3a690a7c68acff9199671fb560
LocalBitcoins,0d0329fa431cb54392499fc6975f770c566e31e89775f335e02efe957a9d0104,LocalBitcoins,com.localbitcoins.exchange,0,  ,  ,7a1f72bd94da3580eceb095903732ce859a54a3a690a7c68acff9199671fb560
LocalBitcoins,63ef11c66465028460ca7588a0d23ca07ebf9f336ad7c945af7bb76b86c55ff7,LocalBitCoins,com.coins.bit.local,1,gray,  ,7a1f72bd94da3580eceb095903732ce859a54a3a690a7c68acff9199671fb560
LocalBitcoins,7f5dab9450ba1d7ae6da0747b24ab4c988cb09edecd34277c3b391349f6ca1a1,LocalBitCoins NEW,com.coins.ful.bit,0,  ,  ,7a1f72bd94da3580eceb095903732ce859a54a3a690a7c68acff9199671fb560
Paxful,7a1f72bd94da3580eceb095903732ce859a54a3a690a7c68acff9199671fb560,PAXFUL,com.wPAXFUL_6479854,0,  ,  ,7a1f72bd94da3580eceb095903732ce859a54a3a690a7c68acff9199671fb560
Poloniex,9bbe13ae4572f24b5e875d3524238c28897cd80ddb8c51964b4eadacdb2a0d17,Poloniex Exchange,com.poloniex.devpl,16,trojan,fakeapp,7a1f72bd94da3580eceb095903732ce859a54a3a690a7c68acff9199671fb560
Poloniex,dc0f2c3d2785103fba8d42420d2fcbf361f649d29fe383110389962161149be7,Poloniex,com.cryptocurrencytrade.app,19,trojan,fakeapp,7a1f72bd94da3580eceb095903732ce859a54a3a690a7c68acff9199671fb560
Poloniex,b7b56678254e1312f7764dc015c7b5963fd1700997f202ac6ee7ea7fc8580d3e,Poloniex,com.poloniex.change,0,  ,  ,7a1f72bd94da3580eceb095903732ce859a54a3a690a7c68acff9199671fb560
Poloniex,6f2531c85606943911fa7c3b67699c3a09df0708a33051cff597942e747bf6f0,Poloniex,com.poloniex.Crypto,1,trojan,crytocur,7a1f72bd94da3580eceb095903732ce859a54a3a690a7c68acff9199671fb560
Poloniex,6905272abd81b8a1ae222a011665b6000a77fa76593c4c266d8894c32e26fbca,Poloniex,com.poloniex.change,0,  ,  ,7a1f72bd94da3580eceb095903732ce859a54a3a690a7c68acff9199671fb560
Poloniex,dc6fcb7230865a9d819aa7da1ade628dd18011ec754c44c9222a7ed650b3a9fa,Poloniex,com.devpolo.app,20,trojan,fakeapp,7a1f72bd94da3580eceb095903732ce859a54a3a690a7c68acff9199671fb560
Xapo,501773b4526db46607b3f812cb146bac15cfeb5be32f7c170c344cc596c8ef3e,Xapo,com.xapoedu.vtqxwr.xapov,14,adware,mobidash,7a1f72bd94da3580eceb095903732ce859a54a3a690a7c68acff9199671fb560
Yobit,ed55927a0e4995d96d4d52f13e382df71d3daa873db0e7ffb196705651113707,Yobit Exchange,com.Yobit.Exchange,0,  ,  ,77cec7a9781690628de0e6211fb4daaa798fb7b3743902fe5ae6f24ca63e6298
Yobit,77cec7a9781690628de0e6211fb4daaa798fb7b3743902fe5ae6f24ca63e6298,Yobit Exchanger,com.SmartChoice.YobitNet,0,  ,  ,77cec7a9781690628de0e6211fb4daaa798fb7b3743902fe5ae6f24ca63e6298
Yobit,fa800b8d0ab0fa728ab1db55e488cd2c5f6ec994ad3e70ace6212b57bce48e5c,Yobit Exchanger,com.QSolution.YobitEx,0,  ,  ,77cec7a9781690628de0e6211fb4daaa798fb7b3743902fe5ae6f24ca63e6298
Yobit,a41a1e4c67bdde5a1649e2b230446f4afbc61481361d9bcc04159cbda875c2ff,Yobit Exchange,com.Yobit.Exchange,0,  ,  ,77cec7a9781690628de0e6211fb4daaa798fb7b3743902fe5ae6f24ca63e6298
Coinbase,7179fb468c4780ef2e4a3566f9537f9fe3d622cdfe8fd4a1ffd6dc38cb3295c6,Coinbase,com.coinbase.androidcom.cjabnd.coinbasev,16,trojan,mobidash,7179fb468c4780ef2e4a3566f9537f9fe3d622cdfe8fd4a1ffd6dc38cb3295c6
Coinbase,884417c6f20dbc42c8618b597756ffdf310749f36e60c87c877f29f6babf4773,Coinbase,com.coinbase.android,29,trojan,kasandra,7179fb468c4780ef2e4a3566f9537f9fe3d622cdfe8fd4a1ffd6dc38cb3295c6
Bitbay,68b826f08b75786c340225c2d27bead34927245f6e1d94cc6da188c1346498aa,BitBay Cash,com.kcm.bitbaycash,0,  ,  ,68b826f08b75786c340225c2d27bead34927245f6e1d94cc6da188c1346498aa
HitBTC,e7e4cf218f8614f68aff89f7125a3799bc39b2418e039df0c0b1a29db82f07a1,HitBTC,com.hitsolutionlimited.hitbtc,0,  ,  ,68b826f08b75786c340225c2d27bead34927245f6e1d94cc6da188c1346498aa
Luno,e45a566cb3c06476f1789c61fdbbc2b889bd915c038e4037a3546821a3ffe75f,Luno,com.android.noti,4,trojan,piom,68b826f08b75786c340225c2d27bead34927245f6e1d94cc6da188c1346498aa
Luno,f6d45a4c3656c694dbc13fdea09ddb99c3016b2519d5a7ec226face34fa3dadc,Luno,com.android.noti,4,trojan,piom,68b826f08b75786c340225c2d27bead34927245f6e1d94cc6da188c1346498aa
Bibox,cbd96739203a0d7df22766ff2e5b422ee765580043c11808e07576bbc29390f1,Bibox,appinventor.ai_lintangwisesa.bibox_3in1,2,  ,  ,65fb1ace020dc06c5cdc1a8b792513ea2d368d39a19892ce66bbd355d1efc196
Binance,96348ed94d796d7c0f3459560ca499dadfb852c678ecc5ba3d3dfac0dcf261d3,Crypto Exchange,com.thunkable.android.appadmob2.Binance,2,gray,  ,65fb1ace020dc06c5cdc1a8b792513ea2d368d39a19892ce66bbd355d1efc196
Binance,e94a7cec8474632cf76c16a59cc0de620265626ed5e49f761ee92f5fb030ff21,Binance Bonus,com.appybuilder.amal_zaki_meka212.BinanceBonus,2,trojan,fakewallet,65fb1ace020dc06c5cdc1a8b792513ea2d368d39a19892ce66bbd355d1efc196
BitMEX,1989fc45b6e45000418e515464e01ccda1c211d712221bfdb11f4dc57c411eb5,Bitmex (Live Trading),com.developersrrs.Bitmex,1,gray,  ,65fb1ace020dc06c5cdc1a8b792513ea2d368d39a19892ce66bbd355d1efc196
Bitstamp,f111c8494e6520e7b195e8febde656b122a4c2342a060ea3f8ef8e29424dfab5,Bitstamp,com.thunkable.android.officialapp4618.Bitstamp,0,  ,  ,65fb1ace020dc06c5cdc1a8b792513ea2d368d39a19892ce66bbd355d1efc196
Bittrex,306a64a4260dcdb05803df5fdd47327ad86b054abbeda88c18909beec82cbd5c,Bittrex,com.thunkable.android.avenue_mitm.bittrex,0,  ,  ,65fb1ace020dc06c5cdc1a8b792513ea2d368d39a19892ce66bbd355d1efc196
Bittrex,d345028ff95048e4c42b087b6bdec129767f2e1f9dbad82ad12f7aeda0103a16,Bittrex | Support,com.thunkable.android.avenue_mitm.Bittrex_Support,1,gray,  ,65fb1ace020dc06c5cdc1a8b792513ea2d368d39a19892ce66bbd355d1efc196
Bittrex,7709f97f9969970e4353427ab063a76b38050d3fd464f03b4fd8c446c211c67c,BITTREX,com.itechnology0132.BITTREX,0,  ,  ,65fb1ace020dc06c5cdc1a8b792513ea2d368d39a19892ce66bbd355d1efc196
Bittrex,554b289efdc0cfca5268e5c351ad2407217fee438de4301608319e0061cf7067,Bittrex,com.thunkable.android.avenue_mitm.bittrex,3,gray,  ,65fb1ace020dc06c5cdc1a8b792513ea2d368d39a19892ce66bbd355d1efc196
Bittrex,5f9bf1e4159c0366d3efab5ad093c0cdc0a241b81c642114cca79caf395c27eb,BITTREX,com.thunkable.android.santoshmehta364.BITTREX,2,gray,  ,65fb1ace020dc06c5cdc1a8b792513ea2d368d39a19892ce66bbd355d1efc196
Changelly,496ac26033786614567ed39a464ba66390e6a5e38d41d3cd3bd9ff40123e2270,Changelly,com.changelly.crypto,2,gray,  ,65fb1ace020dc06c5cdc1a8b792513ea2d368d39a19892ce66bbd355d1efc196
Changelly,e6585fa1dd1b588d9a821581471a2a807e46a6c810bff2b1be6e75e4a1440b47,Changelly,com.thunkable.android.appadmob2.Changelly,1,gray,  ,65fb1ace020dc06c5cdc1a8b792513ea2d368d39a19892ce66bbd355d1efc196
Changelly,9b335bb6d78debae9f572b69802c027c8ef8648c85d130ba1b1912ee10c3f575,Changelly,com.thunkable.android.appadmob2.Changelly,3,gray,  ,65fb1ace020dc06c5cdc1a8b792513ea2d368d39a19892ce66bbd355d1efc196
Changelly,3da56c5330d43859f2bdc15f3427133c5585a86615189d08ac1b09e423367494,Changelly,com.thunkable.android.appadmob2.Changelly,3,gray,  ,65fb1ace020dc06c5cdc1a8b792513ea2d368d39a19892ce66bbd355d1efc196
Coinbase,8f356593b3e884a4c3438445f41ceab9c0d23984cb4c944c7c860f29b64608cd,CoinBase,com.appybuilder.mizanurrhman566.Coinbase,2,gray,  ,65fb1ace020dc06c5cdc1a8b792513ea2d368d39a19892ce66bbd355d1efc196
Coinbase,3fb2374725e61c641547880ab0cb86bf5682d154bb6354e4bd33bbd7d31787a2,Coinbase Wallet,com.thunkable.android.digital_global_data3.Anonymous_Bitcoin_Wallet,7,trojan,artemis,65fb1ace020dc06c5cdc1a8b792513ea2d368d39a19892ce66bbd355d1efc196
Coinbase,01b73294c865cd5d7bc7ddbe7898fa187003e96ae6e3ce8075409dfa5770514b,Coinbase Wallet,com.thunkable.android.digital_global_data3.Anonymous_Bitcoin_Wallet,7,trojan,fakewallet,65fb1ace020dc06c5cdc1a8b792513ea2d368d39a19892ce66bbd355d1efc196
Coinbase,47caa481c34565e047e06dc33e60e91d9ae90a9fed4cfc170735a62a3928c3ca,CoinBase,com.appybuilder.mizanurrhman566.Coinbase,1,gray,  ,65fb1ace020dc06c5cdc1a8b792513ea2d368d39a19892ce66bbd355d1efc196
Coinbase,cea38ea8bdd3dd48dc67ac91507033520f458b139ca7e44fc93b57286705c10e,Coinbase,com.szstudio360.Coinbase,2,gray,  ,65fb1ace020dc06c5cdc1a8b792513ea2d368d39a19892ce66bbd355d1efc196
CoinExchange,e6800557fbf98ab52295d536c610fc0b2834d330613a3083182b60a73cf4fb64,CoinExchange,com.thunkable.android.manirana54.CoinExchange,1,gray,  ,65fb1ace020dc06c5cdc1a8b792513ea2d368d39a19892ce66bbd355d1efc196
CoinExchange,5da61280b516bee946c16ae50c1564ed9930046da0e7b3afa0f8650fef891d08,CoinExchange,com.thunkable.android.manirana54.CoinExchange,1,gray,  ,65fb1ace020dc06c5cdc1a8b792513ea2d368d39a19892ce66bbd355d1efc196
CoinExchange,056af001694db6213d227f104aa99ce626b0f81d7505ef273b2d2bf5ffe65efb,CoinExchange,com.thunkable.android.manirana54.CoinExchange,1,gray,  ,65fb1ace020dc06c5cdc1a8b792513ea2d368d39a19892ce66bbd355d1efc196
CoinExchange,a827b10300e4cb170297963816f30b5bdc3f04a2191b49eb79c897ad51be37f7,CoinExchange,com.thunkable.android.manirana54.CoinExchange,2,gray,  ,65fb1ace020dc06c5cdc1a8b792513ea2d368d39a19892ce66bbd355d1efc196
CoinExchange,75c0adec8d57ea6a65a414da04e4f3c77d6f8b9fb4fc28bc16faed4a5ab48b01,CoinExchange,com.thunkable.android.manirana54.CoinExchange,2,gray,  ,65fb1ace020dc06c5cdc1a8b792513ea2d368d39a19892ce66bbd355d1efc196
CoinExchange,6f1a5192bb2bdb44a13793b3e42e63e788d3756cde0ef74df0474d4c0e774c67,CoinExchange,com.thunkable.android.manirana54.CoinExchange,1,gray,  ,65fb1ace020dc06c5cdc1a8b792513ea2d368d39a19892ce66bbd355d1efc196
CoinExchange,c2cc5f7c432939424ae8d8b1672a72577bd8ca0f4e145d848bf63931e4aa3a06,CoinExchange,com.thunkable.android.manirana54.CoinExchange,2,gray,  ,65fb1ace020dc06c5cdc1a8b792513ea2d368d39a19892ce66bbd355d1efc196
CoinExchange,203c729a48babba8c99774c88d286a38ee72be431411014f5d47a1e170e92952,CoinExchange,com.thunkable.android.manirana54.CoinExchange,2,gray,  ,65fb1ace020dc06c5cdc1a8b792513ea2d368d39a19892ce66bbd355d1efc196
CoinExchange,265ec7e3cdaa123dbd879321a08b7d56c0baed6e95af7377198d8f88006994c5,CoinExchange,com.thunkable.android.manirana54.CoinExchange,3,gray,  ,65fb1ace020dc06c5cdc1a8b792513ea2d368d39a19892ce66bbd355d1efc196
CoinExchange,b31ff0a557bf8baf3e769e82a6e111af995c314176c6dd5f1c7b5e1980fa2a1b,CoinExchange,com.thunkable.android.manirana54.CoinExchange,0,  ,  ,65fb1ace020dc06c5cdc1a8b792513ea2d368d39a19892ce66bbd355d1efc196
Coinmama,cbaaf0a12e1700d4a5113b1a4204f487354825307fe403b0621818c390016e66,Coinmama,com.thunkable.android.avenue_mitm.Coinmama,2,gray,  ,65fb1ace020dc06c5cdc1a8b792513ea2d368d39a19892ce66bbd355d1efc196
Coinmama,1161fb4befc00ef5abf4c49734d75827f410f3bc36c2f575b3fa4e2c3a2643ae,Coinmama,com.thunkable.android.avenue_mitm.Coinmama,3,gray,  ,65fb1ace020dc06c5cdc1a8b792513ea2d368d39a19892ce66bbd355d1efc196
Coinmama,b6ead8c7469ea7e2fa1db8720296c54bf2e2c8c54aa004a23a75ab69187b9f71,Coinmama,com.Coinmama.Exchange,0,  ,  ,65fb1ace020dc06c5cdc1a8b792513ea2d368d39a19892ce66bbd355d1efc196
Cryptopia,bc529a0cf7afa8d0397a62795ee61b93f6cab03135d7ac91e9e57e8e6efb11a1,Cryptopia Exchange,com.thunkable.android.avenue_mitm.Cryptopia_Exchange,1,gray,  ,65fb1ace020dc06c5cdc1a8b792513ea2d368d39a19892ce66bbd355d1efc196
Cryptopia,1def00ec25474cfa2a818dc9edbb38197e8f6514d03242da0da73166ef7600e1,Cryptopia,com.nisha_dhawal4u.Cryptopia,1,gray,  ,65fb1ace020dc06c5cdc1a8b792513ea2d368d39a19892ce66bbd355d1efc196
Cryptopia,0fb3ac00b24e754d6be806c24b9f68b764083e96c4aff37e20a2bc4229d69eee,CRYPTOPIA LIVE,com.itechnology0132.CRYPTOPIA_LIVE,2,gray,  ,65fb1ace020dc06c5cdc1a8b792513ea2d368d39a19892ce66bbd355d1efc196
Cryptopia,163467a37b7845396ed44a7907eedb205b13fe2a7c61b8ee423458deb1ed7a2d,Cryptopia,com.thunkable.android.officialapp4618.Cryptopia,0,  ,  ,65fb1ace020dc06c5cdc1a8b792513ea2d368d39a19892ce66bbd355d1efc196
Cryptopia,2301a540bd155df43aebf86253493cc754c6c3093796b4cc503cc50e9ad1c539,Cryptopia,com.shubhamoypaul16.Cryptopia_Final,0,  ,  ,65fb1ace020dc06c5cdc1a8b792513ea2d368d39a19892ce66bbd355d1efc196
Cryptopia,75feb0d5ee88afad980a3a6cc6d6d7b7d507cd6f9b2537cdfc437d87ed835074,Cryptopia Exchange,com.thunkable.android.avenue_mitm.Cryptopia_Exchange,2,gray,  ,65fb1ace020dc06c5cdc1a8b792513ea2d368d39a19892ce66bbd355d1efc196
Cryptopia,d3e0016d70fbecdb594d0267141886f8187f81bd5be595bf85486f0b3f6e38eb,Cryptopia Exchange,com.thunkable.android.avenue_mitm.Cryptopia_Exchange,0,  ,  ,65fb1ace020dc06c5cdc1a8b792513ea2d368d39a19892ce66bbd355d1efc196
Cryptopia,841fc879ff34e6dde3ae4b2cc0bd011ca645eebad1d3ba1021866569de77f6c8,CRYPTOPIA,com.thunkable.android.santoshmehta364.CRYPTOPIA,0,  ,  ,65fb1ace020dc06c5cdc1a8b792513ea2d368d39a19892ce66bbd355d1efc196
Etoro,53280ab27ec81b064972430fbc70b7a316b2761bb95a5c0c2eb9902a61f5b399,Etoro Bonus,com.appybuilder.amal_zaki_meka212.EtoroBonus,2,gray,  ,65fb1ace020dc06c5cdc1a8b792513ea2d368d39a19892ce66bbd355d1efc196
Etoro,c06fec002a3303d8b2f2d84e3418b16ac4d4fd314d9037c6aa8ab6738c725b7e,Etoro,com.spr6020.Etoro,1,gray,  ,65fb1ace020dc06c5cdc1a8b792513ea2d368d39a19892ce66bbd355d1efc196
HitBTC,14ef74124b069ac2d818d3d4a18f5f6691553572901f825ba064c794352e7357,My HitBTC,com.thunkable.android.lordp_webmaster.My_HitBTC,2,gray,  ,65fb1ace020dc06c5cdc1a8b792513ea2d368d39a19892ce66bbd355d1efc196
HitBTC,d563d5aba3ae66e54f5cb0e40378d4850bef7d20cd2925c586d19688d716165d,HitBTC,com.thunkable.android.avenue_mitm.HitBTC,0,  ,  ,65fb1ace020dc06c5cdc1a8b792513ea2d368d39a19892ce66bbd355d1efc196
HitBTC,7c9008b83021df00a8feb9481153c802d951d2b6b0c1238c75452ebaa6aca2b0,HitBTC,com.thunkable.android.officialapp4618.HitBTC,2,gray,  ,65fb1ace020dc06c5cdc1a8b792513ea2d368d39a19892ce66bbd355d1efc196
HitBTC,8b6dc7f4304adef0c0c5a300e1fffc3a411409482dff3efb01aca26584818982,My HitBTC,com.thunkable.android.lordp_webmaster.My_HitBTC,2,gray,  ,65fb1ace020dc06c5cdc1a8b792513ea2d368d39a19892ce66bbd355d1efc196
HitBTC,53d2fcfbabe3a29cfa94d08ab4dbeb5262469ecbd4f598c8a0babefad4edb78a,My HitBTC,com.thunkable.android.lordp_webmaster.My_HitBTC,1,gray,  ,65fb1ace020dc06c5cdc1a8b792513ea2d368d39a19892ce66bbd355d1efc196
HitBTC,3ac8e3f0e99346c63e59f2b6d6ffefedc658cfc6097f1d23062cc4f5726fa118,My HitBTC,com.thunkable.android.lordp_webmaster.My_HitBTC,1,gray,  ,65fb1ace020dc06c5cdc1a8b792513ea2d368d39a19892ce66bbd355d1efc196
HitBTC,70282796356556d8c274c5a1b81240cedaea4bdf55c379fd543f36aaa8556350,HitBTC,com.thunkable.android.avenue_mitm.HitBTC,2,gray,  ,65fb1ace020dc06c5cdc1a8b792513ea2d368d39a19892ce66bbd355d1efc196
Kraken,d5a094a77c50f14ed80c3b57603ea6e5c7fb5a6d2dc599d064745515aeae7f92,kraken,com.thunkable.android.officialapp4618.kraken,2,gray,  ,65fb1ace020dc06c5cdc1a8b792513ea2d368d39a19892ce66bbd355d1efc196
KuCoin,3d986bd4bc5142af2135d1a3ba5a9f17aa58f42d7c76480863e319ae72bcb772,KuCoin Exchange,com.Kucoin.Ex,2,gray,  ,65fb1ace020dc06c5cdc1a8b792513ea2d368d39a19892ce66bbd355d1efc196
KuCoin,77cce292ed3515f201ce942ad266cc9acfb2f698a066f86f054241a52ede4b9f,KuCoin Exchange,com.Kucoin.crypto,1,gray,  ,65fb1ace020dc06c5cdc1a8b792513ea2d368d39a19892ce66bbd355d1efc196
KuCoin,26dff37c8c557ef44930cf7b21a55508ca44fe23a7e227ed1eea5648d310ed3f,KuCoin,com.abhijat_ece.KuCoin,2,gray,  ,65fb1ace020dc06c5cdc1a8b792513ea2d368d39a19892ce66bbd355d1efc196
KuCoin,7ae544c6e6ff6c3d1476d0e2ee0011f1f453a0fceab24024e49e41527c83deb3,KuCoin Exchange,com.Kucoin.crypto,0,  ,  ,65fb1ace020dc06c5cdc1a8b792513ea2d368d39a19892ce66bbd355d1efc196
KuCoin,86b04d87c953f49c08e1475e4eb8aa3fdd2f3e193de5ab88e35fe0dc5eba50dc,KuCoin Exchange,com.Kucoin.crypto,2,gray,  ,65fb1ace020dc06c5cdc1a8b792513ea2d368d39a19892ce66bbd355d1efc196
KuCoin,60d707140e20b0804843d52aefe7051d7553bee42a0a13008a74c386fc2dd373,KuCoin Exchange,com.Kucoin.Exchange,0,  ,  ,65fb1ace020dc06c5cdc1a8b792513ea2d368d39a19892ce66bbd355d1efc196
KuCoin,a4886256a8aa7f1a541d145b9a75046ffd703beac6a5a7a31d637676bc2d0bc5,KuCoin Exchange,com.Kushare.Exchange,0,  ,  ,65fb1ace020dc06c5cdc1a8b792513ea2d368d39a19892ce66bbd355d1efc196
KuCoin,3311f177ae3f677214122f3a6dc5cb3ba1167e7331d210a52a2c3e1d42b9c3c1,KuCoin,com.urstrulymizanur.KuCoin,2,gray,  ,65fb1ace020dc06c5cdc1a8b792513ea2d368d39a19892ce66bbd355d1efc196
LocalBitcoins,5e3d2f21bc78fc6c74bfe9195aab190955433f037bd0af4a5859e92a019ea6a6,LocalBitCoins.com,com.thunkable.android.manirana54.LocalBitCoins,1,gray,  ,65fb1ace020dc06c5cdc1a8b792513ea2d368d39a19892ce66bbd355d1efc196
LocalBitcoins,e6ec38b22fb2255753c54617a3af30ced618c549de22b012740c8ae115b5c56c,LocalBitCoins.com,com.thunkable.android.manirana54.LocalBitCoins,3,gray,  ,65fb1ace020dc06c5cdc1a8b792513ea2d368d39a19892ce66bbd355d1efc196
LocalBitcoins,6a46749fa45a5fb75fbc0c1eac504404faa4b62639d3a75200f606ebe4945eaf,LocalBitCoins.com,com.thunkable.android.manirana54.LocalBitCoins,1,gray,  ,65fb1ace020dc06c5cdc1a8b792513ea2d368d39a19892ce66bbd355d1efc196
LocalBitcoins,1a4e6c0ac2d1a980882e5e68b4449a9ea2f207cfba47a5d112a0b90d40197bd6,Localbitcoins,appinventor.ai_luckmore66.Localbitcoins,0,  ,  ,65fb1ace020dc06c5cdc1a8b792513ea2d368d39a19892ce66bbd355d1efc196
LocalBitcoins,e2b74f3c4e71abac87e0d1fd2149c41581d818e0488e8a42d95f06d5337ce46e,LocalBitcoins,com.appybuilder.tamer_george_net.BitcoinLocalMarket,3,gray,  ,65fb1ace020dc06c5cdc1a8b792513ea2d368d39a19892ce66bbd355d1efc196
LocalBitcoins,595680968991d8b63287c07ab1041362246bfe668b22eeb48516a661fe9e8440,LocalBitCoins.com,com.thunkable.android.manirana54.LocalBitCoins,3,gray,  ,65fb1ace020dc06c5cdc1a8b792513ea2d368d39a19892ce66bbd355d1efc196
LocalBitcoins,aa23bb2110075af89005adf1c56544bf78dc3d05cce52215b83b20585597dac2,LocalBitcoins,com.thunkable.android.umerfarooq821.localbiitt,2,gray,  ,65fb1ace020dc06c5cdc1a8b792513ea2d368d39a19892ce66bbd355d1efc196
LocalBitcoins,65fb1ace020dc06c5cdc1a8b792513ea2d368d39a19892ce66bbd355d1efc196,LocalBitcoins,com.appybuilder.tamer_george_net.BitcoinLocalMarket,2,gray,  ,65fb1ace020dc06c5cdc1a8b792513ea2d368d39a19892ce66bbd355d1efc196
LocalBitcoins,b6dff16cc7ba2a7e76edac2ed8c9806560b62327663621db1bad468859202bf6,LocalBitcoins,com.appybuilder.tamer_george_net.LocalBitcoins,2,gray,  ,65fb1ace020dc06c5cdc1a8b792513ea2d368d39a19892ce66bbd355d1efc196
LocalBitcoins,29100039d800db18d3389fd02342a6bf4123c81253c52832e8c90a087aa58e6f,LocalBitCoins.com,com.thunkable.android.manirana54.LocalBitCoins,2,gray,genbl,65fb1ace020dc06c5cdc1a8b792513ea2d368d39a19892ce66bbd355d1efc196
LocalBitcoins,8a72b84b6e1308bc370ce2e71057329df4bd5f0baf3887f8fdefc46dac8f29f8,LocalBitCoins.com,com.thunkable.android.manirana54.LocalBitCoins,0,  ,  ,65fb1ace020dc06c5cdc1a8b792513ea2d368d39a19892ce66bbd355d1efc196
LocalBitcoins,cb2fa9c2c2b7f3facd466dff4405b72323e60ba45e022a0f82a8988c421b2e42,LocalBitCoins.com,com.thunkable.android.manirana54.LocalBitCoins,3,gray,  ,65fb1ace020dc06c5cdc1a8b792513ea2d368d39a19892ce66bbd355d1efc196
LocalBitcoins,0d06ec054d569ad05052a9f706ec842d2cf6c2b57a8e8d9bd4cf0d2ff4c5927e,LocalBitcoins,com.appybuilder.tamer_george_net.BitcoinLocalMarket,2,  ,  ,65fb1ace020dc06c5cdc1a8b792513ea2d368d39a19892ce66bbd355d1efc196
LocalBitcoins,41044bedb61147e0603f331688a84bcdfa3511768a9de2a37d91591738d5eb7b,LocalBitCoins.com,com.thunkable.android.manirana54.LocalBitCoins,3,gray,  ,65fb1ace020dc06c5cdc1a8b792513ea2d368d39a19892ce66bbd355d1efc196
Paxful,81897bdba6a4a004a2148b9f7818126b9f2dd464fac2ffe154823bf8d5bd3eb0,PAXFUL,com.thunkable.android.manirana54.PAXFUL,1,gray,  ,65fb1ace020dc06c5cdc1a8b792513ea2d368d39a19892ce66bbd355d1efc196
Paxful,3b35d9c6c363129e9f42f4e9cf8bd354f15d069a675b4f5c7dd96187049fe79a,PAXFUL,com.thunkable.android.elakhal_inc_50.PAXFUL,2,gray,  ,65fb1ace020dc06c5cdc1a8b792513ea2d368d39a19892ce66bbd355d1efc196
Paxful,9b1f1c0c6afcdfea507fbf86ca8bf79c20c843fb1a78d2750c74c02ff8f0b36a,PAXFUL,com.thunkable.android.elakhal_inc_50.PAXFUL,1,gray,  ,65fb1ace020dc06c5cdc1a8b792513ea2d368d39a19892ce66bbd355d1efc196
Paxful,4ad510b3e9deb70d49e9dbed467c5f3db1002c533e55a6c7e1b1b43c12550f08,PAXFUL,com.thunkable.android.manirana54.PAXFUL,3,gray,  ,65fb1ace020dc06c5cdc1a8b792513ea2d368d39a19892ce66bbd355d1efc196
Paxful,917eaa2da17618eb111cc7a4885b5ca06021a5c23a43d3a39cce5ef65fddc70b,PAXFUL,com.thunkable.android.elakhal_inc_50.PAXFUL,2,gray,  ,65fb1ace020dc06c5cdc1a8b792513ea2d368d39a19892ce66bbd355d1efc196
Paxful,dc3c02941cea5eef43a4d1e68422621e49944519fd4f35096de8114d97daf0f3,PAXFUL,com.thunkable.android.manirana54.PAXFUL,1,gray,  ,65fb1ace020dc06c5cdc1a8b792513ea2d368d39a19892ce66bbd355d1efc196
Paxful,8f0569717784f4dba025e092f9ee610294091ca1c8c0a8f825a5f1e7d6299c48,PAXFUL,com.thunkable.android.manirana54.PAXFUL,1,gray,  ,65fb1ace020dc06c5cdc1a8b792513ea2d368d39a19892ce66bbd355d1efc196
Poloniex,9f45101c90c92e9277cdebdbe64be4270381f04b146f9d27ead23de336a37472,Poloniex,appinventor.ai_franciscoalvesfilho.Poloniex,2,gray,  ,65fb1ace020dc06c5cdc1a8b792513ea2d368d39a19892ce66bbd355d1efc196
Poloniex,7b51c9d37bc221daa1db9edbdb01e647af761b35142736cd0437526bef26acc7,Poloniex Exchange,com.thunkable.android.appadmob2.Poloniex,4,gray,  ,65fb1ace020dc06c5cdc1a8b792513ea2d368d39a19892ce66bbd355d1efc196
Poloniex,735b8cf5ec92f1ee1d4a3d1b5405a9f5e41244671b5ed0eaae82aa82e59d99ae,POLONIEX,com.thunkable.android.santoshmehta364.Poloniex_Official,3,gray,  ,65fb1ace020dc06c5cdc1a8b792513ea2d368d39a19892ce66bbd355d1efc196
Poloniex,a3ba0a6d624596edb1edfd66edb73eae4354fdbe5652f6633efb52b4badd812e,Poloniex,appinventor.ai_luckmore66.Poloniex,2,gray,  ,65fb1ace020dc06c5cdc1a8b792513ea2d368d39a19892ce66bbd355d1efc196
Poloniex,1dbbda0beab18ec61f3ddfa5b4d9496d8e434c80264b47fbbfd124612f420be3,POLONIEX LIVE,com.itechnology0132.POLONIEX_LIVE,2,gray,  ,65fb1ace020dc06c5cdc1a8b792513ea2d368d39a19892ce66bbd355d1efc196
Poloniex,87b10fcc3859e6142d7eea3f1e0e72354aae718fba00c6b2b6cdb849829ba2da,Poloniex Exchange,com.PolonixEx.crypto,2,gray,  ,65fb1ace020dc06c5cdc1a8b792513ea2d368d39a19892ce66bbd355d1efc196
xCoins,f6821189d8139b309d81cddde8868c0811a2cb30a9e47942a332b4f9fbc1c62e,xCoins,com.thunkable.android.manirana54.xCoins,3,gray,  ,65fb1ace020dc06c5cdc1a8b792513ea2d368d39a19892ce66bbd355d1efc196
CEX.IO,d4dfba2c0253ffa0b630e8f958ec9267ad73a3bbb0c2bcaaaf8e261795813a29,Cex.io (free) by Daxsoft,nl.daxsoft.cex.io.free,0,  ,  ,626709e5e7d6e2dae6f0c2240e3fa4ab56e8d55fee40d5eea9c2c7aa72e93c61
LocalBitcoins,38bf5c86a75c2bf7a7ac194f8309635627b6f5a52b5e44e6feb0d1d4c8d6a5d3,Localbitcoins,lo.calbitcoins.com.localbitcoins,2,  ,tachi,626709e5e7d6e2dae6f0c2240e3fa4ab56e8d55fee40d5eea9c2c7aa72e93c61
LocalBitcoins,7ac5e9b65164a7806a43cae9ea7639736da05907b7c5a3c4febc6e405945597a,LocalBitcoins App,localbitcoins.androidapps.website.localbitcoinsapp,10,trojan,tachi,626709e5e7d6e2dae6f0c2240e3fa4ab56e8d55fee40d5eea9c2c7aa72e93c61
LocalBitcoins,626709e5e7d6e2dae6f0c2240e3fa4ab56e8d55fee40d5eea9c2c7aa72e93c61,Localbitcoins Exchange,blockchaini.info.localbitcoinsexchange,10,trojan,tachi,626709e5e7d6e2dae6f0c2240e3fa4ab56e8d55fee40d5eea9c2c7aa72e93c61
KuCoin,ab0ccd7e9d88260a108427fc6153c7842e7c06e204ee543183b6d2fbb4b71fe5,KuCoin Shares Coin Live Rate,com.kucoinshares.liverate,0,  ,  ,43b6614b97a944f391a90d230ad1dfc5daea1e1dd177dd0b7c69f435f58fb613
KuCoin,43b6614b97a944f391a90d230ad1dfc5daea1e1dd177dd0b7c69f435f58fb613,Live Rate KuCoin Shares Coin,com.coin.KuCoinShares,0,  ,  ,43b6614b97a944f391a90d230ad1dfc5daea1e1dd177dd0b7c69f435f58fb613
Etoro,17e09847e5106265237572505e70047e835d58c3d197bb06cf9c92755915c5a0,eToro,com.andromo.dev17374.app185435,0,  ,  ,40b348091dbfc9ef275427b6a493fc04e324f0443228cbc7d641ada090b98705
Etoro,40b348091dbfc9ef275427b6a493fc04e324f0443228cbc7d641ada090b98705,Etoro,net.thequickspeack.app,0,  ,  ,40b348091dbfc9ef275427b6a493fc04e324f0443228cbc7d641ada090b98705
CoinExchange,1058897ca625b284e38eea6d56e67a1b8fae6b2d34b50e7de9cef15a2a5cc563,CoinExchange,com.black7software.coinbaseexchange,0,  ,  ,3a5359606353b5bd1a73e59268259c8a801d32b6b56c9365be07218c4675e445
CoinExchange,3a5359606353b5bd1a73e59268259c8a801d32b6b56c9365be07218c4675e445,CoinExchange,com.black7software.coinbaseexchange,0,  ,  ,3a5359606353b5bd1a73e59268259c8a801d32b6b56c9365be07218c4675e445
Kraken,ac32d5e2a59729a2bd74deda0839f99aa555434da29cd2db1243ec07951cd674,Kraken,fi.goodkind.kraken,0,  ,  ,21f4a4d300c91452c9c60c06bd2a205ad118b457e75494b68e979d232f2517bd
Kraken,21f4a4d300c91452c9c60c06bd2a205ad118b457e75494b68e979d232f2517bd,Kraken,fi.goodkind.kraken,1,  ,  ,21f4a4d300c91452c9c60c06bd2a205ad118b457e75494b68e979d232f2517bd
Binance,8a11f4e07284c75c03c100c4136f292c13666faab66fdaf0a862f8e2a7db6cd3,Binance,com.binancembapp,1,repmalware,  ,  
Binance,c22203613cf8f549a8a26c9c1a6b8aaeded216b6ba84dcc0d4a879270093d632,Binance Secured,yps.eton.application,31,trojan,boogr,  
Binance,89edf3c6324fff338bfdeb8c184f8522010efa9ba69f3f24d3ae3906dbb9e255,Cryptocurrency & Bitcoin Exchange with Binance,com.Web.WebWork,0,  ,  ,  
Binance,253bd407d0ff29c5261343da6e3164e992bfbc66b686d82f26cfe57e8da43bb3,Binance,com.binance.det,7,trojan,slocker,  
Binance,533bcd3de3e0773368dd42de7dd40523d91826c04bd75a5ef41942ba4ee65d5a,Binance - CryptoRegister,com.blacksheepapps.binance_cryptoregister,0,  ,  ,  
Bitbay,eef1ada5432a1e682f068bb24de81cde3bd6f14754de41503c5d94d165ab9a70,BitBay - BAY,com.price.cryptodn.bay,0,  ,  ,  
Bitfinex,40068615f8468177a23ab94cfee355cc8ba6a5a1ba20fdffd25f043970952ed9,Bitfinex,com.vogsoft.bitfinex_app_release,0,  ,  ,  
Bithumb,c898722438737766db7cdc68b7bb54eec7ac7a87262356e15b949a1222d67bb9,bithumb,com.yj.bithumb,0,  ,  ,  
Bithumb,6d92e3f0f2bbd659ba5299e59ff93bfebede00b0aaec98fdc02c59b3a8f8a5f0,Bithumb,com.bithumb.kr,23,trojan,smforw,  
BitMEX,bc8e9c8ac640e9ada411fe2aa273f7b5afba23ee38bcf35596bc6a5065440552,BitMEX,io.gonative.android.qpjrlx,0,  ,  ,  
BitMEX,8567ed134701884c1060fa3548342f14f12fe12a4fad83d0dcacfffd7ad2a773,BitMex,com.bitmex.sync,0,  ,  ,  
BitMEX,16908804d03ab8aa543f58deedee110dbca3ec06174f60edcc9d737b9275c27e,vip bitmex signals lifetime,com.wvipbitmexsignalslifetime_7508590,1,  ,  ,  
Bitpanda,04e9692690489b1fa0731e17563c2390c7584a10449c860d1d85d32913f3590c,Bitpanda,www.support.bitpanda,0,  ,  ,  
Bitpanda,4a8f38f99448df6d54dd389b3979731c2f4b8146bc194e95b0dc5d4aa924251e,Bitpanda Viewer,www.bit.panda,24,trojan,hqwar,  
Bittrex,eb40b2952a4ab015d5438dac851181e8618bc1ad541d327331e5823e4bde5643,Bittrex Mobile,com.wBittrexMobile,11,trojan,inmobi,  
Bittrex,97cccdc26e6f7a11320d4de975008ec3fca086328ce625e127a6dec7927e5322,Bittrex,design.website.Bittrex,0,  ,  ,  
CEX.IO,853def3d1597d105a0877d36bcf1a3d29b14cd440b072ca948dc3a9b98968629,Cex.io Client,com.chompapps.io.cex,0,  ,  ,  
CEX.IO,1bbbc36592f834c2bd730149b1078f14891420452aa757982cf87a92ff48d957,Cex.io Viewer,eu.andreadavoli.viewer.cexio,0,  ,  ,  
Coinbase,177764deaf5656bc6b87c6171dc15fb460f30afab527939d9cfea8e3a2027ec8,Coinbase,com.coinbase.android,16,trojan,mobidash,  
Coinbase,33d46440ae6100b9b2d58510de9ed1adc6590fb20973680dbae9243587eb0199,Coinbase,com.coinbase.android,0,  ,  ,  
Coinbase,450adc2eed5eccc7f5bc52525df5e22ec30893aeda3801bd6c6564ebfc7479e3,bitcoin wallet coinbase,com.europeftsemixwio,24,trojan,fakeapp,  
Coinbase,ff1cf30f29b49eb6f0c7f17e6fdddd719cb4e1d2cdea6e6ae9c991eea4fc8682,Coinbase,com.coinbase.android,0,  ,  ,  
Coinbase,fde3de8b54cf1c946ef09d624a07127c76dec446d7018987f3412a8c6d70f279,Coinbase,com.coinbase.androie,1,  ,  ,  
Coinmama,57a0ac8da634fa302e0a21d09af969153a64283548dfe207e8f8674c80924447,Coinmama - Buy Bitcoin Ethereum_,net.coinmama.bitcoin,0,  ,  ,  
Coinone,f0561c1da93d14def898b0d5591fb4197c9e7ba9fd75454f543aff79d75a5582,CoinOne,com.exchange.sex.coinone,0,  ,  ,  
Cryptopia,b70881b43c79ffd4d1edf9ab7f6d5dbf742a1d4ef85950c40dee60553167e935,Cryptopia,com.cryptopiaofficialexchange,0,  ,  ,  
Cryptopia,ec5f3d3678b10208e571f1470832520767181759afeee759f34df0055c5213de,Cryptopia,com.cryptopiaexchangeofficial,0,  ,  ,  
Cryptopia,bdcda7cafbb08eaa4b3270b5339873775f68293a91bfbd54a9060182fb89fd32,Cryptopia,com.cryptopiainc,0,  ,  ,  
Etoro,88bb7bd18f2e55273bfafac496e16fbda0d079cf422b47c418f4a0859266b7ed,OpenBook,openbook.app.trade,0,  ,  ,  
Etoro,b5feda95405de32a70147647dacaa533200be9230013cfcfcf228c19dbf3725d,eToro Official App,com.etoroofficial.verified,0,  ,  ,  
Etoro,a3f3059fd5a644bdf6af66a88a6cb773f01d54a3a06a61e16ad350abeae7a404,eToro Traders,com.conduit.app_01bab4b8cf1749039859fed040bf4bed.app,0,  ,  ,  
Kraken,5b6a593db426e19241ec8c7c4c63f2c0fbeb92da737592bf2692df42a15a345f,Kraken Exchange,it.bitrocket.krakenexchange,0,  ,  ,  
Kraken,5a4c88503b9efc563835ff213edf246b1a0f35f6c33a498663f864eb9093f217,Kraken Coin Wallet,com.fitbobcat.kraken,0,  ,  ,  
LocalBitcoins,4f8a364432cf1567ee3e388baa5cf9c211ba1ddecee81567626758558ce3fafc,Localbitcoins Plus,com.localbitcoins.pluslo.localbitcoins,13,trojan,falobit,  
LocalBitcoins,16f4d794c1cb266a5334e0f56932fd774da66ebdae640f3d6cd90008d2ea8bc3,Localbitcoins,com.localbitcoins.lbcandr.localbitcoins,0,  ,  ,  
LocalBitcoins,aaef5bca6597c40e07865fa5a8c7ea83ba7e6a554fd77fc94dd9083d4c979346,LocalBitcoins,com.localbitcoins.wallet,0,  ,  ,  
LocalBitcoins,780db26b6b1fe03ded101b9ce799fd09fda869053e89d4858935c47275a99d82,LocalBitcoins Desktop Edition,com.localbitcoinsdesktop.localbitcoinsdesktop,0,  ,  ,  
LocalBitcoins,a8278628b98554201b79d92c0797faad71051a675aa867e65e442f6bdbf0c95a,LocalBitcoins,com.rareartifact.localbitcoinsD8B84823,0,  ,  ,  
OKEx,b288492ab88e2a5f61799ad939cf8472dc26ea26f2589020f2fb714ced4df093,OKEx½»Ò×Æ½Ì¨,com.quxiu.android.dk,2,trojan,  ,  
OKEx,ca2925fd5f4df8a6fee5b6db8d177929964b007cf07d1b2e02538fa0f97208d1,OKEX,com.xingxing.licai,1,  ,  ,  
Paxful,feae91faeb9f5a5a3c151ffeff4170b576b69f289f0b6945324ea1a124416bc7,Paxful API,com.paxful.api.paxful,1,  ,  ,  
Paxful,abbeefd7ffcea5739e0f4af136671d7527c9993663e2f1b842bbab187ee1db9d,PAXFUL,com.googlle.com.app,25,spy,enmvp,  
Poloniex,efdd84bda6c3a69723be1bfa2533046158a00083bacafca270abde19f27fe33d,POLONIEX MOBILE APP,com.wPOLONIEXMOBILEAPP_4784735,9,malware,inmobi,  
Poloniex,d0a67cf8b5c70a0b2089e06e3ddf62b99f7da805567f72860f29edeef5c04cfb,Poloniex Exchange,com.poloniex.helloworld,6,trojan,artemis,  
Poloniex,cda8f229dbb2349003a3c908ee0342d0b8ed9302382bf6f6b25e3042c5e9d18c,Poloniex,com.wPoloniex,12,trojan,inmobi,  
Poloniex,bd41a69ba312bdb47776c2d95a3e207979eb133d2805a615b3ce4021d5a73bb0,Poloniex Web,com.poloniex.web,12,trojan,artemis,  
Xapo,502ad3f6b148571a0c0e781272c008d69a25b90dc6d3eb2fba0f76908560c628,Xapo Wallet,com.wXapoWallet,3,  ,addisplay,  
Yobit,68d174ff453122b76828460f26144d71124b426be9797c73b4dbfb347912bf47,YoBit Exchange,com.wYoBitExchange,2,  ,inmobi,  